Day,Month,Year,Sunrise,Sunset
01,01,2025,6:59,16:54
02,01,2025,6:59,16:55
03,01,2025,6:59,16:55
04,01,2025,6:59,16:56
05,01,2025,6:59,16:57
06,01,2025,7:00,16:58
07,01,2025,7:00,16:59
08,01,2025,7:00,17:00
09,01,2025,6:59,17:00
10,01,2025,6:59,17:01
11,01,2025,6:59,17:02
12,01,2025,6:59,17:03
13,01,2025,6:59,17:04
14,01,2025,6:59,17:05
15,01,2025,6:59,17:06
16,01,2025,6:58,17:07
17,01,2025,6:58,17:08
18,01,2025,6:58,17:09
19,01,2025,6:57,17:10
20,01,2025,6:57,17:11
21,01,2025,6:56,17:12
22,01,2025,6:56,17:13
23,01,2025,6:56,17:14
24,01,2025,6:55,17:15
25,01,2025,6:55,17:16
26,01,2025,6:54,17:17
27,01,2025,6:53,17:18
28,01,2025,6:53,17:19
29,01,2025,6:52,17:20
30,01,2025,6:51,17:21
31,01,2025,6:51,17:22
01,02,2025,6:50,17:23
02,02,2025,6:49,17:23
03,02,2025,6:49,17:24
04,02,2025,6:48,17:25
05,02,2025,6:47,17:26
06,02,2025,6:46,17:27
07,02,2025,6:45,17:28
08,02,2025,6:44,17:29
09,02,2025,6:43,17:30
10,02,2025,6:43,17:31
11,02,2025,6:42,17:32
12,02,2025,6:41,17:33
13,02,2025,6:40,17:34
14,02,2025,6:39,17:35
15,02,2025,6:38,17:36
16,02,2025,6:37,17:37
17,02,2025,6:36,17:38
18,02,2025,6:34,17:39
19,02,2025,6:33,17:40
20,02,2025,6:32,17:40
21,02,2025,6:31,17:41
22,02,2025,6:30,17:42
23,02,2025,6:29,17:43
24,02,2025,6:28,17:44
25,02,2025,6:26,17:45
26,02,2025,6:25,17:46
27,02,2025,6:24,17:47
28,02,2025,6:23,17:47
01,03,2025,6:22,17:48
02,03,2025,6:20,17:49
03,03,2025,6:19,17:50
04,03,2025,6:18,17:51
05,03,2025,6:17,17:52
06,03,2025,6:15,17:52
07,03,2025,6:14,17:53
08,03,2025,6:13,17:54
09,03,2025,7:11,18:55
10,03,2025,7:10,18:56
11,03,2025,7:09,18:56
12,03,2025,7:07,18:57
13,03,2025,7:06,18:58
14,03,2025,7:05,18:59
15,03,2025,7:03,19:00
16,03,2025,7:02,19:00
17,03,2025,7:01,19:01
18,03,2025,6:59,19:02
19,03,2025,6:58,19:03
20,03,2025,6:57,19:03
21,03,2025,6:55,19:04
22,03,2025,6:54,19:05
23,03,2025,6:52,19:06
24,03,2025,6:51,19:07
25,03,2025,6:50,19:07
26,03,2025,6:48,19:08
27,03,2025,6:47,19:09
28,03,2025,6:46,19:10
29,03,2025,6:44,19:10
30,03,2025,6:43,19:11
31,03,2025,6:42,19:12
30,03,2025,6:43,19:11
31,03,2025,6:42,19:12
01,04,2025,6:40,19:13
02,04,2025,6:39,19:13
03,04,2025,6:38,19:14
04,04,2025,6:36,19:15
05,04,2025,6:35,19:16
06,04,2025,6:34,19:16
07,04,2025,6:32,19:17
08,04,2025,6:31,19:18
09,04,2025,6:30,19:19
10,04,2025,6:28,19:19
11,04,2025,6:27,19:20
12,04,2025,6:26,19:21
13,04,2025,6:25,19:22
14,04,2025,6:23,19:22
15,04,2025,6:22,19:23
16,04,2025,6:21,19:24
17,04,2025,6:20,19:25
18,04,2025,6:18,19:26
19,04,2025,6:17,19:26
20,04,2025,6:16,19:27
21,04,2025,6:15,19:28
22,04,2025,6:14,19:29
23,04,2025,6:13,19:29
24,04,2025,6:11,19:30
25,04,2025,6:10,19:31
26,04,2025,6:09,19:32
27,04,2025,6:08,19:32
28,04,2025,6:07,19:33
29,04,2025,6:06,19:34
30,04,2025,6:05,19:35
01,05,2025,6:04,19:36
02,05,2025,6:03,19:36
03,05,2025,6:02,19:37
04,05,2025,6:01,19:38
05,05,2025,6:00,19:39
06,05,2025,5:59,19:39
07,05,2025,5:58,19:40
08,05,2025,5:57,19:41
09,05,2025,5:56,19:42
10,05,2025,5:56,19:43
11,05,2025,5:55,19:43
12,05,2025,5:54,19:44
13,05,2025,5:53,19:45
14,05,2025,5:52,19:46
15,05,2025,5:52,19:46
16,05,2025,5:51,19:47
17,05,2025,5:50,19:48
18,05,2025,5:50,19:49
19,05,2025,5:49,19:49
20,05,2025,5:48,19:50
21,05,2025,5:48,19:51
22,05,2025,5:47,19:51
23,05,2025,5:47,19:52
24,05,2025,5:46,19:53
25,05,2025,5:46,19:53
26,05,2025,5:45,19:54
27,05,2025,5:45,19:55
28,05,2025,5:45,19:55
29,05,2025,5:44,19:56
30,05,2025,5:44,19:57
31,05,2025,5:44,19:57
01,06,2025,5:43,19:58
02,06,2025,5:43,19:58
03,06,2025,5:43,19:59
04,06,2025,5:42,20:00
05,06,2025,5:42,20:00
06,06,2025,5:42,20:01
07,06,2025,5:42,20:01
08,06,2025,5:42,20:02
09,06,2025,5:42,20:02
10,06,2025,5:42,20:03
11,06,2025,5:42,20:03
12,06,2025,5:42,20:03
13,06,2025,5:42,20:04
14,06,2025,5:42,20:04
15,06,2025,5:42,20:04
16,06,2025,5:42,20:05
17,06,2025,5:42,20:05
18,06,2025,5:42,20:05
19,06,2025,5:42,20:06
20,06,2025,5:43,20:06
21,06,2025,5:43,20:06
22,06,2025,5:43,20:06
23,06,2025,5:43,20:06
24,06,2025,5:44,20:07
25,06,2025,5:44,20:07
26,06,2025,5:44,20:07
27,06,2025,5:45,20:07
28,06,2025,5:45,20:07
29,06,2025,5:45,20:07
30,06,2025,5:46,20:07
01,07,2025,5:46,20:07
02,07,2025,5:47,20:07
03,07,2025,5:47,20:07
04,07,2025,5:48,20:06
05,07,2025,5:48,20:06
06,07,2025,5:49,20:06
07,07,2025,5:49,20:06
08,07,2025,5:50,20:06
09,07,2025,5:50,20:05
10,07,2025,5:51,20:05
11,07,2025,5:51,20:05
12,07,2025,5:52,20:04
13,07,2025,5:52,20:04
14,07,2025,5:53,20:04
15,07,2025,5:54,20:03
16,07,2025,5:54,20:03
17,07,2025,5:55,20:02
18,07,2025,5:56,20:02
19,07,2025,5:56,20:01
20,07,2025,5:57,20:01
21,07,2025,5:58,20:00
22,07,2025,5:58,19:59
23,07,2025,5:59,19:59
24,07,2025,6:00,19:58
25,07,2025,6:00,19:57
26,07,2025,6:01,19:57
27,07,2025,6:02,19:56
28,07,2025,6:02,19:55
29,07,2025,6:03,19:54
30,07,2025,6:04,19:54
31,07,2025,6:05,19:53
01,08,2025,6:05,19:52
02,08,2025,6:06,19:51
03,08,2025,6:07,19:50
04,08,2025,6:07,19:49
05,08,2025,6:08,19:48
06,08,2025,6:09,19:47
07,08,2025,6:10,19:46
08,08,2025,6:10,19:45
09,08,2025,6:11,19:44
10,08,2025,6:12,19:43
11,08,2025,6:13,19:42
12,08,2025,6:13,19:41
13,08,2025,6:14,19:40
14,08,2025,6:15,19:39
15,08,2025,6:15,19:38
16,08,2025,6:16,19:37
17,08,2025,6:17,19:35
18,08,2025,6:18,19:34
19,08,2025,6:18,19:33
20,08,2025,6:19,19:32
21,08,2025,6:20,19:31
22,08,2025,6:20,19:30
23,08,2025,6:21,19:28
24,08,2025,6:22,19:27
25,08,2025,6:23,19:26
26,08,2025,6:23,19:24
27,08,2025,6:24,19:23
28,08,2025,6:25,19:22
29,08,2025,6:25,19:21
30,08,2025,6:26,19:19
31,08,2025,6:27,19:18
01,09,2025,6:27,19:17
02,09,2025,6:28,19:15
03,09,2025,6:29,19:14
04,09,2025,6:29,19:13
05,09,2025,6:30,19:11
06,09,2025,6:31,19:10
07,09,2025,6:32,19:09
08,09,2025,6:32,19:07
09,09,2025,6:33,19:06
10,09,2025,6:34,19:04
11,09,2025,6:34,19:03
12,09,2025,6:35,19:02
13,09,2025,6:36,19:00
14,09,2025,6:36,18:59
15,09,2025,6:37,18:57
16,09,2025,6:38,18:56
17,09,2025,6:38,18:55
18,09,2025,6:39,18:53
19,09,2025,6:40,18:52
20,09,2025,6:40,18:50
21,09,2025,6:41,18:49
22,09,2025,6:42,18:48
23,09,2025,6:43,18:46
24,09,2025,6:43,18:45
25,09,2025,6:44,18:43
26,09,2025,6:45,18:42
27,09,2025,6:45,18:41
28,09,2025,6:46,18:39
29,09,2025,6:47,18:38
30,09,2025,6:48,18:37
01,10,2025,6:48,18:35
02,10,2025,6:49,18:34
03,10,2025,6:50,18:32
04,10,2025,6:50,18:31
05,10,2025,6:51,18:30
06,10,2025,6:52,18:28
07,10,2025,6:53,18:27
08,10,2025,6:53,18:26
09,10,2025,6:54,18:24
10,10,2025,6:55,18:23
11,10,2025,6:56,18:22
12,10,2025,6:57,18:21
13,10,2025,6:57,18:19
14,10,2025,6:58,18:18
15,10,2025,6:59,18:17
16,10,2025,7:00,18:16
17,10,2025,7:00,18:14
18,10,2025,7:01,18:13
19,10,2025,7:02,18:12
20,10,2025,7:03,18:11
21,10,2025,7:04,18:10
22,10,2025,7:05,18:09
23,10,2025,7:05,18:08
24,10,2025,7:06,18:06
25,10,2025,7:07,18:05
26,10,2025,7:08,18:04
27,10,2025,7:09,18:03
28,10,2025,7:10,18:02
29,10,2025,7:11,18:01
30,10,2025,7:12,18:00
31,10,2025,7:12,17:59
01,11,2025,7:13,17:58
02,11,2025,6:14,16:57
03,11,2025,6:15,16:57
04,11,2025,6:16,16:56
05,11,2025,6:17,16:55
06,11,2025,6:18,16:54
07,11,2025,6:19,16:53
08,11,2025,6:20,16:52
09,11,2025,6:21,16:52
10,11,2025,6:22,16:51
11,11,2025,6:23,16:50
12,11,2025,6:24,16:50
13,11,2025,6:24,16:49
14,11,2025,6:25,16:48
15,11,2025,6:26,16:48
16,11,2025,6:27,16:47
17,11,2025,6:28,16:47
18,11,2025,6:29,16:46
19,11,2025,6:30,16:46
20,11,2025,6:31,16:45
21,11,2025,6:32,16:45
22,11,2025,6:33,16:44
23,11,2025,6:34,16:44
24,11,2025,6:35,16:44
25,11,2025,6:36,16:43
26,11,2025,6:37,16:43
27,11,2025,6:37,16:43
28,11,2025,6:38,16:43
29,11,2025,6:39,16:42
30,11,2025,6:40,16:42
01,12,2025,6:41,16:42
02,12,2025,6:42,16:42
03,12,2025,6:43,16:42
04,12,2025,6:44,16:42
05,12,2025,6:44,16:42
06,12,2025,6:45,16:42
07,12,2025,6:46,16:42
08,12,2025,6:47,16:42
09,12,2025,6:48,16:42
10,12,2025,6:48,16:43
11,12,2025,6:49,16:43
12,12,2025,6:50,16:43
13,12,2025,6:50,16:43
14,12,2025,6:51,16:44
15,12,2025,6:52,16:44
16,12,2025,6:52,16:44
17,12,2025,6:53,16:45
18,12,2025,6:54,16:45
19,12,2025,6:54,16:46
20,12,2025,6:55,16:46
21,12,2025,6:55,16:47
22,12,2025,6:56,16:47
23,12,2025,6:56,16:48
24,12,2025,6:56,16:48
25,12,2025,6:57,16:49
26,12,2025,6:57,16:49
27,12,2025,6:58,16:50
28,12,2025,6:58,16:51
29,12,2025,6:58,16:51
30,12,2025,6:58,16:52
31,12,2025,6:59,16:53